brand;product_name;format;serving_size_g;serving_count;volume_g;price_usd;discount_pct;serving_price;key_ingredient;channel;url;date_collected;purchase_type;status
Clevr;Yuzu Lemonade SuperTea;instant;;14;;29;0;;;own_site;https://clevrblends.com/products/yuzu-lemon-supertea-1;23.05.2026;single;-
Clevr;Yuzu Lemonade SuperTea;instant;;14;;20.3;30;;;own_site;https://clevrblends.com/products/yuzu-lemon-supertea-1;23.05.2026;subscription;-
;;;;;;;;;;;;;;-
Laird Superfood;Organic Morning Jumpstart;instant;;;76.5;24;0;;;own_site;https://lairdsuperfood.com/products/morning-jumpstart;23.05.2026;single;-
Laird Superfood;Organic Morning Jumpstart;instant;;;76.5;19.2;20;;;own_site;https://lairdsuperfood.com/products/morning-jumpstart;23.05.2026;subscription;-
Laird Superfood;Organic Morning Jumpstart;instant;;;382.7;114;0;;;own_site;https://lairdsuperfood.com/products/morning-jumpstart;23.05.2026;single;-
Laird Superfood;Organic Morning Jumpstart;instant;;;382.7;91.2;20;;;own_site;https://lairdsuperfood.com/products/morning-jumpstart;23.05.2026;subscription;-
MudWtr;Coconut Sweetener (30 serving);instant;5;30;150;21.25;15;0.71;;own_site;https://mudwtr.com/products/30-serving-sweetener-bag;23.05.2026;single;-
MudWtr;Coconut Sweetener (30 serving);instant;5;30;150;17;32;0.57;;own_site;https://mudwtr.com/products/30-serving-sweetener-bag;23.05.2026;subscription;-
MudWtr;Coconut Sweetener (90 serving);instant;5;90;450;42.5;15;0.47;;own_site;https://mudwtr.com/products/90-serving-sweetener-bag;23.05.2026;single;-
MudWtr;Coconut Sweetener (90 serving);instant;5;90;450;34;32;0.38;;own_site;https://mudwtr.com/products/90-serving-sweetener-bag;23.05.2026;subscription;-
MudWtr;Mushroom Boost (30 serving);instant;5;30;150;21.25;15;0.71;mushroom;own_site;https://mudwtr.com/products/30-serving-mushroom-boost;23.05.2026;single;-
MudWtr;Mushroom Boost (30 serving);instant;5;30;150;17;32;0.57;mushroom;own_site;https://mudwtr.com/products/30-serving-mushroom-boost;23.05.2026;subscription;-
MudWtr;Mushroom Boost (90 serving);instant;5;90;450;42.5;15;0.47;mushroom;own_site;https://mudwtr.com/products/90-serving-mushroom-boost;23.05.2026;single;-
MudWtr;Mushroom Boost (90 serving);instant;5;90;450;34;32;0.38;mushroom;own_site;https://mudwtr.com/products/90-serving-mushroom-boost;23.05.2026;subscription;-
Om Mushrooms;Brain Fuel Mushroom Capsules;capsule;8;30;240;29.99;0;1;reishi;own_site;https://ommushrooms.com/products/om-brain-fuel-capsules;23.05.2026;single;reject
Om Mushrooms;Brain Fuel Mushroom Capsules;capsule;8;30;240;25.49;15;0.85;reishi;own_site;https://ommushrooms.com/products/om-brain-fuel-capsules;23.05.2026;subscription;reject
Om Mushrooms;Chaga Mushroom Capsules;capsule;8;30;240;29.99;0;1;chaga;own_site;https://ommushrooms.com/products/om-chaga-capsules;23.05.2026;single;reject
Om Mushrooms;Chaga Mushroom Capsules;capsule;8;30;240;25.49;15;0.85;chaga;own_site;https://ommushrooms.com/products/om-chaga-capsules;23.05.2026;subscription;reject
Om Mushrooms;Cordyceps Mushroom Capsules;capsule;8;30;240;29.99;0;1;cordyceps;own_site;https://ommushrooms.com/products/om-cordyceps-capsules;23.05.2026;single;reject
Om Mushrooms;Cordyceps Mushroom Capsules;capsule;8;30;240;25.49;15;0.85;cordyceps;own_site;https://ommushrooms.com/products/om-cordyceps-capsules;23.05.2026;subscription;reject
Om Mushrooms;Lion’s Mane Mushroom Capsules;capsule;8;30;240;29.99;0;1;lion's mane;own_site;https://ommushrooms.com/products/lions-mane-capsules;23.05.2026;single;reject
Om Mushrooms;Lion’s Mane Mushroom Capsules;capsule;8;30;240;25.49;15;0.85;lion's mane;own_site;https://ommushrooms.com/products/lions-mane-capsules;23.05.2026;subscription;reject
Om Mushrooms;Lion’s Mane Mushroom Capsules;capsule;8;60;480;49.99;0;0.83;lion's mane;own_site;https://ommushrooms.com/products/lions-mane-capsules;23.05.2026;single;reject
Om Mushrooms;Lion’s Mane Mushroom Capsules;capsule;8;60;480;42.49;15;0.71;lion's mane;own_site;https://ommushrooms.com/products/lions-mane-capsules;23.05.2026;subscription;reject
Om Mushrooms;Master Blend Mushroom Capsules;capsule;8;28;224;29.99;0;1.07;cordyceps;own_site;https://ommushrooms.com/products/master-blend-capsules;23.05.2026;single;reject
Om Mushrooms;Master Blend Mushroom Capsules;capsule;8;28;224;25.49;15;0.91;cordyceps;own_site;https://ommushrooms.com/products/master-blend-capsules;23.05.2026;subscription;reject
Om Mushrooms;Master Blend Mushroom Capsules;capsule;8;56;448;49.99;0;0.89;cordyceps;own_site;https://ommushrooms.com/products/master-blend-capsules;23.05.2026;single;reject
Om Mushrooms;Master Blend Mushroom Capsules;capsule;8;56;448;42.49;15;0.76;cordyceps;own_site;https://ommushrooms.com/products/master-blend-capsules;23.05.2026;subscription;reject
Om Mushrooms;Mushroom Morning Blend;instant;8;10;80;21.99;0;2.2;rhodiola;own_site;https://ommushrooms.com/products/mushroom-morning-blend;23.05.2026;single;reject
Om Mushrooms;Mushroom Morning Blend;instant;8;10;80;18.69;15;1.87;rhodiola;own_site;https://ommushrooms.com/products/mushroom-morning-blend;23.05.2026;subscription;reject
Om Mushrooms;Mushroom Morning Blend;instant;8;30;240;39.99;0;1.33;rhodiola;own_site;https://ommushrooms.com/products/mushroom-morning-blend;23.05.2026;single;reject
Om Mushrooms;Mushroom Morning Blend;instant;8;30;240;33.99;15;1.13;rhodiola;own_site;https://ommushrooms.com/products/mushroom-morning-blend;23.05.2026;subscription;reject
Om Mushrooms;Reishi Mushroom Capsules;capsule;8;30;240;29.99;0;1;reishi;own_site;https://ommushrooms.com/products/om-reishi-capsules;23.05.2026;single;reject
Om Mushrooms;Reishi Mushroom Capsules;capsule;8;30;240;25.49;15;0.85;reishi;own_site;https://ommushrooms.com/products/om-reishi-capsules;23.05.2026;subscription;reject
Om Mushrooms;Relax Mushroom Capsules;capsule;8;30;240;29.99;0;1;reishi;own_site;https://ommushrooms.com/products/relax;23.05.2026;single;reject
Om Mushrooms;Relax Mushroom Capsules;capsule;8;30;240;25.49;15;0.85;reishi;own_site;https://ommushrooms.com/products/relax;23.05.2026;subscription;reject
Om Mushrooms;Sleep Mushroom Capsules;capsule;8;30;240;29.99;0;1;reishi;own_site;https://ommushrooms.com/products/sleep;23.05.2026;single;reject
Om Mushrooms;Sleep Mushroom Capsules;capsule;8;30;240;25.49;15;0.85;reishi;own_site;https://ommushrooms.com/products/sleep;23.05.2026;subscription;reject
Om Mushrooms;Turkey Tail Mushroom Capsules;capsule;8;30;240;29.99;0;1;turkey tail;own_site;https://ommushrooms.com/products/om-turkey-tail;23.05.2026;single;reject
Om Mushrooms;Turkey Tail Mushroom Capsules;capsule;8;30;240;25.49;15;0.85;turkey tail;own_site;https://ommushrooms.com/products/om-turkey-tail;23.05.2026;subscription;reject
Bunkell;Bunkell Cortisol Calm Drink Mix, Made with Magnesium Glycinate, L-Theanine, Ashwagandha & Vitamin D3, Cortisol Supplements for Relaxation, Focus & Calm Support, Raspberry Lemonade Flavor, 30 Ct;capsule;;50;127.6;16.88;0;0.3376;adaptogen;amazon;https://www.amazon.com/dp/B0FL281PKD;25.05.2026;single;reject
Bunkell;Bunkell Cortisol Calm Drink Mix, Made with Magnesium Glycinate, L-Theanine, Ashwagandha & Vitamin D3, Cortisol Supplements for Relaxation, Focus & Calm Support, Raspberry Lemonade Flavor, 30 Ct;capsule;;50;127.6;15.19;10;0.3038;adaptogen;amazon;https://www.amazon.com/dp/B0FL281PKD;25.05.2026;subscription;reject
Bunkell;Bunkell Ashwagandha Mushroom Powder, Adaptogenic 10 Mushrooms Complex W/Ashwagandha - Lion's Mane, Reishi, Chaga & Maitake - Adaptogens Powder for Energy, Cognitive & Immune Support, 80 Servings;instant;;80;180;19.88;11;0.2485;lion's mane;amazon;https://www.amazon.com/dp/B0F8VH2PMG;25.05.2026;single;-
Bunkell;Bunkell Ashwagandha Mushroom Powder, Adaptogenic 10 Mushrooms Complex W/Ashwagandha - Lion's Mane, Reishi, Chaga & Maitake - Adaptogens Powder for Energy, Cognitive & Immune Support, 80 Servings;instant;;80;180;19.88;11;0.2485;lion's mane;amazon;https://www.amazon.com/dp/B0F8VH2PMG;25.05.2026;subscription;-
Bunkell;Bunkell Mushroom Chicory, Adaptogenic 6 Mushrooms with Lion's Mane, Reishi, Cordyceps, Shiitake, King Trumpet & Turkey Tail, Mushroom Chicory Powder for Energy, Digestion & Immune Support, 30 Servings;instant;;30;180;19.88;0;0.6627;lion's mane;amazon;https://www.amazon.com/dp/B0FJRXNRDL;25.05.2026;single;-
Bunkell;Bunkell Mushroom Chicory, Adaptogenic 6 Mushrooms with Lion's Mane, Reishi, Cordyceps, Shiitake, King Trumpet & Turkey Tail, Mushroom Chicory Powder for Energy, Digestion & Immune Support, 30 Servings;instant;;30;180;17.89;10;0.5963;lion's mane;amazon;https://www.amazon.com/dp/B0FJRXNRDL;25.05.2026;subscription;-
Bunkell;Bunkell Vanilla Bean Protein Powder with 100% Grass-Fed Whey & Plant Proteins, 22g of Protein, Vanilla Bean & Cinnamon, No Added Sugar, Non-GMO, Gluten Free, 1.1LB;instant;;52;496.1;19.88;0;0.3823;;amazon;https://www.amazon.com/dp/B0G4W5GFG4;25.05.2026;single;-
Bunkell;Bunkell Vanilla Bean Protein Powder with 100% Grass-Fed Whey & Plant Proteins, 22g of Protein, Vanilla Bean & Cinnamon, No Added Sugar, Non-GMO, Gluten Free, 1.1LB;instant;;52;496.1;19.88;0;0.3823;;amazon;https://www.amazon.com/dp/B0G4W5GFG4;25.05.2026;subscription;-
Four Sigmatic;Four Sigmatic Organic Plant-Based Protein Powder | Clean Vegan Protein Elevated with LionР Р†Р вЂљРІвЂћСћs Mane, Chaga, Cordyceps and More for Brain Function and Immune Support | Peanut Butter, 21.16 oz;instant;;;599.9;26.75;9;;chaga;amazon;https://www.amazon.com/dp/B08GN8X844;24.05.2026;single;-
Four Sigmatic;Four Sigmatic Organic Plant-Based Protein Powder | Clean Vegan Protein Elevated with LionР Р†Р вЂљРІвЂћСћs Mane, Chaga, Cordyceps and More for Brain Function and Immune Support | Peanut Butter, 21.16 oz;instant;;;599.9;26.75;9;;chaga;amazon;https://www.amazon.com/dp/B08GN8X844;24.05.2026;subscription;-
La Republica;LRLA SUPERFOODS La Republica Lion's Mane Extract Mushroom Powder 120 Servings, No Mycelium or Fillers, USDA Organic Lion's Mane Extract, Fair Trade & Vegan, USA Made;instant;;120;60.1;23.99;0;0.1999;lion's mane;amazon;https://www.amazon.com/dp/B07YXFTZGW;25.05.2026;single;-
La Republica;LRLA SUPERFOODS La Republica Lion's Mane Extract Mushroom Powder 120 Servings, No Mycelium or Fillers, USDA Organic Lion's Mane Extract, Fair Trade & Vegan, USA Made;instant;;120;60.1;21.59;10;0.1799;lion's mane;amazon;https://www.amazon.com/dp/B07YXFTZGW;25.05.2026;subscription;-
La Republica;La Republica Reishi Mushroom Powder (120 Servings), No Mycelium or Fillers, USDA Organic Reishi Extract, Fair Trade & Vegan, USA Made;instant;;120;60.1;79.95;0;0.6663;reishi;amazon;https://www.amazon.com/dp/B07YXGGMQC;25.05.2026;single;-
La Republica;La Republica Turkey Tail Mushroom Powder (120 Servings), Immune Support, USDA Organic Turkey Tail Extract, Fair Trade & Vegan, No Mycelium or Fillers, USA Made;instant;;120;60.1;29.95;0;0.2496;mushroom blend;amazon;https://www.amazon.com/dp/B08YP9C3LS;25.05.2026;single;-
La Republica;La Republica Superfood Super 7 Mushroom Extract Powder 8oz, Includes Lion's Mane, Reishi, Chaga, Cordyceps, Shitake, Maitake and Turkey Tail;instant;;114;226.8;29.97;0;0.2629;lion's mane;amazon;https://www.amazon.com/dp/B09JZVM8WG;25.05.2026;single;-
La Republica;La Republica Superfoods USDA Organic Super 7 Mushroom Powder 3oz, Lion's Mane, Chaga, Reishi, Cordyceps, MAitake, Turkey Tail, No Fillers (3oz);instant;;120;85;19.98;0;0.1665;lion's mane;amazon;https://www.amazon.com/dp/B09K4MDJRC;25.05.2026;single;-
Laird Superfood;Laird Superfood Organic Performance Mushroom Blend with Chaga, Cordyceps, Lion's Mane and Maitake for Energy and Cognition, 3.17 oz. Bag, Pack of 1;instant;;40;99.2;25;0;0.625;lion's mane;amazon;https://www.amazon.com/dp/B07FK3CQJR;25.05.2026;single;-
Laird Superfood;Laird Superfood Organic Performance Mushroom Blend with Chaga, Cordyceps, Lion's Mane and Maitake for Energy and Cognition, 3.17 oz. Bag, Pack of 1;instant;;40;99.2;23.75;5;0.5938;lion's mane;amazon;https://www.amazon.com/dp/B07FK3CQJR;25.05.2026;subscription;-
Laird Superfood;Laird Superfood Prebiotic Daily Greens Powder – Essential Vitamins & Minerals - Prebiotic Fiber, Adaptogen and Fruits & Vegetables – Supports Gut Health – Non-GMO, Vegan - 7.4 oz Bag, Pack of 1;instant;;30;209.8;37.99;0;1.2663;adaptogen;amazon;https://www.amazon.com/dp/B0FBTBVNC8;25.05.2026;single;-
Laird Superfood;Laird Superfood Sleep & Recover, Bedtime Powdered Drink Mix Calming Supplement to Support Relaxation and Sleep with Tart Cherry and Chamomile, 0.3 Oz Packet, Pack of 10;packet;;14;65.2;22;0;1.5714;;amazon;https://www.amazon.com/dp/B0CBST7Z4P;25.05.2026;single;-
Laird Superfood;Laird Superfood Sleep & Recover, Bedtime Powdered Drink Mix Calming Supplement to Support Relaxation and Sleep with Tart Cherry and Chamomile, 0.3 Oz Packet, Pack of 10;packet;;14;65.2;20.9;5;1.4929;;amazon;https://www.amazon.com/dp/B0CBST7Z4P;25.05.2026;subscription;-
Laird Superfood;Laird Superfood Organic Performance Mushroom Blend, Non Dairy, Gluten Free, 3.17 Ounce (Pack of 3);instant;;30;269.6;59.75;0;1.9917;mushroom blend;amazon;https://www.amazon.com/dp/B0BFQ7KMTG;25.05.2026;single;-
Laird Superfood;Organic Morning Jumpstart;instant;;45;76.5;22;0;0.4889;;amazon;https://www.amazon.com/dp/B07LHH1MD2;25.05.2026;single;-
Laird Superfood;Laird Superfood Organic Performance Mushroom Blend with Chaga, Cordyceps, Lion's Mane and Maitake for Energy and Cognition, 3.17 oz. Bag, Pack of 2;instant;;60;179.7;25;0;0.4167;lion's mane;amazon;https://www.amazon.com/dp/B09TQ4S7DF;25.05.2026;single;-
Laird Superfood;Laird Superfood Prebiotic Daily Greens Powder – Essential Vitamins & Minerals - Prebiotic Fiber, Adaptogen and Fruits & Vegetables – Supports Gut Health – Non-GMO, Vegan - 14.8 oz Bag, Pack of 1;instant;;30;419.6;49.44;0;1.648;adaptogen;amazon;https://www.amazon.com/dp/B0C445KMNH;25.05.2026;single;-
Laird Superfood;Laird Superfood Organic Calm and Relax Mushroom Blend with Reishi, Lemon Balm, and Ashwagandha, 3.17 oz. Bag, Pack of 1;instant;;30;89.9;25;0;0.8333;reishi;amazon;https://www.amazon.com/dp/B0F84HMTNW;25.05.2026;single;-
Laird Superfood;Laird Superfood Organic Calm and Relax Mushroom Blend with Reishi, Lemon Balm, and Ashwagandha, 3.17 oz. Bag, Pack of 1;instant;;30;89.9;23.75;5;0.7917;reishi;amazon;https://www.amazon.com/dp/B0F84HMTNW;25.05.2026;subscription;-
Laird Superfood;Laird Superfood Organic Lions Mane Mushroom Powder for Cognitive Function and Immune Support, 3.17 oz. Bag, Pack of 1;instant;;10;89.9;25;0;2.5;mushroom blend;amazon;https://www.amazon.com/dp/B0F84FVWR3;25.05.2026;single;-
Laird Superfood;Laird Superfood Organic Lions Mane Mushroom Powder for Cognitive Function and Immune Support, 3.17 oz. Bag, Pack of 1;instant;;10;89.9;23.75;5;2.375;mushroom blend;amazon;https://www.amazon.com/dp/B0F84FVWR3;25.05.2026;subscription;-
Laird Superfood;Laird Superfood Organic Oyster Mushroom Powder for Immune and Digestive Support, 3.17 oz. Bag, Pack of 1;instant;;38;89.9;25;0;0.6579;mushroom blend;amazon;https://www.amazon.com/dp/B0F84SH2JJ;25.05.2026;single;-
Laird Superfood;Laird Superfood Organic Oyster Mushroom Powder for Immune and Digestive Support, 3.17 oz. Bag, Pack of 1;instant;;38;89.9;23.75;5;0.625;mushroom blend;amazon;https://www.amazon.com/dp/B0F84SH2JJ;25.05.2026;subscription;-
Laird Superfood;Laird Superfood Organic Reishi Mushroom Powder for Immune Support and Stress Relief, 3.17 oz. Bag, Pack of 1;instant;;100;89.9;25;0;0.25;reishi;amazon;https://www.amazon.com/dp/B0F84JTPX5;25.05.2026;single;-
Laird Superfood;Laird Superfood Organic Reishi Mushroom Powder for Immune Support and Stress Relief, 3.17 oz. Bag, Pack of 1;instant;;100;89.9;23.75;5;0.2375;reishi;amazon;https://www.amazon.com/dp/B0F84JTPX5;25.05.2026;subscription;-
Laird Superfood;Laird Superfood Organic Turkey Tail Mushroom Powder for Immune Support, 3.17 oz. Bag, Pack of 1;instant;;45;89.9;25;0;0.5556;mushroom blend;amazon;https://www.amazon.com/dp/B0F84GB41D;25.05.2026;single;-
Laird Superfood;Laird Superfood Organic Turkey Tail Mushroom Powder for Immune Support, 3.17 oz. Bag, Pack of 1;instant;;45;89.9;23.75;5;0.5278;mushroom blend;amazon;https://www.amazon.com/dp/B0F84GB41D;25.05.2026;subscription;-
Laird Superfood;Laird Superfood Prebiotic Daily Greens, 15 Packs, 0.5 oz (14 g) Each;instant;;30;212.6;35;0;1.1667;;amazon;https://www.amazon.com/dp/B0C2RC7F1N;25.05.2026;single;-
MudWtr;MUDWTR Nourish | Vanilla Mushroom Protein Powder | 2,000mg Adaptogenic Mushrooms | Vegan Protein Powder | USDA Organic | Focus, Mood & Digestion Support | Vanilla, Lion's Mane, Bacopa | 15 Servings;instant;;15;615.2;69.99;0;4.666;lion's mane;amazon;https://www.amazon.com/dp/B0FN5VT9XH;25.05.2026;single;-
MudWtr;MUDWTR Nourish | Vanilla Mushroom Protein Powder | 2,000mg Adaptogenic Mushrooms | Vegan Protein Powder | USDA Organic | Focus, Mood & Digestion Support | Vanilla, Lion's Mane, Bacopa | 15 Servings;instant;;15;615.2;66.49;5;4.4327;lion's mane;amazon;https://www.amazon.com/dp/B0FN5VT9XH;25.05.2026;subscription;-
MudWtr;Coconut Sweetener (30 serving);instant;;30;241;24.99;0;0.833;;amazon;https://www.amazon.com/dp/B0D1JN1BV3;25.05.2026;single;-
MudWtr;Coconut Sweetener (30 serving);instant;;30;241;23.74;5;0.7913;;amazon;https://www.amazon.com/dp/B0D1JN1BV3;25.05.2026;subscription;-
Pella Nutrition;Cortisol Calm Tea – 9-Herb Relaxation Formula – Ashwagandha Chamomile Lavender Lemon Balm Rooibos Passion Flowers Linden Flowers Rose Licorice – Vegan Kosher Caffeine-Free Loose Leaf Tea – 25 Servings;instant;;25;49.9;16.99;0;0.6796;adaptogen;amazon;https://www.amazon.com/dp/B0GMPWVHG9;25.05.2026;single;-
Pella Nutrition;Pella Nutrition Sea Moss Drops with Bladderwrack – 4X Faster Absorption Than Irish Sea Moss Gel Superfood, Gummies, and Capsules – Digestive & Immune Support Supplement (Strawberry Lime, 60mL);instant;;30;;19.99;0;0.6663;;amazon;https://www.amazon.com/dp/B0931XFJSF;25.05.2026;single;reject
Pella Nutrition;Pella Nutrition Sea Moss Drops with Bladderwrack – 4X Faster Absorption Than Irish Sea Moss Gel Superfood, Gummies, and Capsules – Digestive & Immune Support Supplement (Strawberry Lime, 60mL);instant;;30;;17.99;10;0.5997;;amazon;https://www.amazon.com/dp/B0931XFJSF;25.05.2026;subscription;reject
Pella Nutrition;Liver Cleanse Tea – 10-Herb Formula with Milk Thistle Dandelion Burdock Turmeric Ginger Nettle Leaves Peppermint Lemongrass Licorice & Fennel – Vegan Kosher Caffeine-Free Loose Leaf Tea – 25 Servings;instant;;25;49.9;16.99;0;0.6796;;amazon;https://www.amazon.com/dp/B0GMPT35NV;25.05.2026;single;-
Pella Nutrition;Belly Slim Tea – 11-Herb Formula with Ginger Licorice Cinnamon Fennel Oolong Lemon Dandelion Yerba Mate Mullein Leaves Milk Thistle & Peppermint – Vegan Kosher Caffeinated Loose Leaf Tea – 25 Servings;instant;;25;50;16.99;0;0.6796;;amazon;https://www.amazon.com/dp/B0GDMNV754;25.05.2026;single;-
Pella Nutrition;Cranberry Echinacea Chamomile Tea with Blackberries, Strawberry, Tulsi Basil & Safflower – Vegan Kosher Naturally Caffeine Free – Traditional Herbal Blend for Wellness & Antioxidant Rich (25 Tea Bags);instant;;0;;7.99;0;;adaptogen;amazon;https://www.amazon.com/dp/B0F4GLVLPL;25.05.2026;single;-
Pella Nutrition;Cranberry Echinacea Chamomile Tea with Blackberries, Strawberry, Tulsi Basil & Safflower – Vegan Kosher Naturally Caffeine Free – Traditional Herbal Blend for Wellness & Antioxidant Rich (25 Tea Bags);instant;;0;;7.19;10;;adaptogen;amazon;https://www.amazon.com/dp/B0F4GLVLPL;25.05.2026;subscription;-
Pella Nutrition;Lung Detox Tea – 10-Herb Formula with Ginger Licorice Elderberry Ginseng Marshmallow Root Echinacea Peppermint Tulsi Rooibos & Mullein Leaves – Vegan Non-GMO Caffeine-Free Loose Leaf Tea – 25 Servings;instant;;25;49.9;16.99;0;0.6796;adaptogen;amazon;https://www.amazon.com/dp/B0G7LDJZVC;25.05.2026;single;-
Pella Nutrition;Ginger Turmeric with Black & Green Tea – Blended with Bael Nut & Cornflower Petals – Vegan, Kosher, Non-GMO Low Caffeine – Hot or Iced Herbal Drink for Healthy Digestion & Immune Support (25 Tea Bags);instant;;0;;7.99;0;;;amazon;https://www.amazon.com/dp/B0F4L953Q9;25.05.2026;single;-
Pella Nutrition;Ginger Turmeric with Black & Green Tea – Blended with Bael Nut & Cornflower Petals – Vegan, Kosher, Non-GMO Low Caffeine – Hot or Iced Herbal Drink for Healthy Digestion & Immune Support (25 Tea Bags);instant;;0;;7.19;10;;;amazon;https://www.amazon.com/dp/B0F4L953Q9;25.05.2026;subscription;-
Pella Nutrition;White Tea, Blueberry, Rosehip, Lemon, Tangerine, and Botanical Extracts Herbal Drink – Vegan, Kosher – Non-GMO & Low-Caffeine – Rich in Antioxidants – Breakfast Beverage for Healthy Glow (25 Tea Bags);instant;;0;;7.99;0;;;amazon;https://www.amazon.com/dp/B0F491YTHK;25.05.2026;single;-
Pella Nutrition;Sea Moss and Ashwagandha Liquid Supplement - Infused with Lion's Mane, Black Seed Oil, and Bladderwrack - Vegan, Easy-to-Mix Formula - Supports Antioxidant Activity & Immune Health (Mixed Berry, 60mL);capsule;;60;;24.95;0;0.4158;lion's mane;amazon;https://www.amazon.com/dp/B0CWMCY3KV;25.05.2026;single;-
Pella Nutrition;Moringa and Dandelion Tea – With Orange, Cinnamon, Strawberry, and Safflower Petals – Gluten-Free, Vegan, Kosher – Caffeine-Free, Healthy Energy Drink – Herbal Blend for Focus & Wellness (25 Tea Bags);instant;;25;;9.95;0;0.398;;amazon;https://www.amazon.com/dp/B0F4GHCL89;25.05.2026;single;-
Pella Nutrition;Chamomile Tea with Hibiscus, Peppermint, Spearmint, Rosehip, Valerian Root, Lemongrass, Cornflowers – Kosher, Vegan, No Caffeine – Calming Mint-Citrus Evening Herbal Drink for Relaxation (25 Tea Bags);instant;;25;;11.99;0;0.4796;;amazon;https://www.amazon.com/dp/B0F4M6TNCN;25.05.2026;single;-
Pella Nutrition;Ginger and Dandelion Root Tea – With Burdock Root, Licorice, Holy Basil, Edible Flowers Rose, Elderflower & Safflower – Vegan, Kosher, Caffeine-Free – Supports Hydration & Daily Wellness (25 Tea Bags);instant;;25;;13.95;0;0.558;;amazon;https://www.amazon.com/dp/B0F497YHKR;25.05.2026;single;-
Pella Nutrition;Lemon Balm and Ginger Tea – With Peppermint, Cinnamon, Cardamom, Licorice, Fennel, Burdock Root, and Cornflower Edible Flowers – Vegan, Kosher – Caffeine-Free Herbal Drink for Gut Health (25 Tea Bags);instant;;25;;31.72;0;1.2688;;amazon;https://www.amazon.com/dp/B0F48ZQFH5;25.05.2026;single;-
Rasa;Rasa Raspberry Hibiscus Hydration | Organic Boosted Iced Tea with Adaptogens and Mushrooms | Gluten-Free, Premium Electrolyte Powder Drink Mix, Refreshing Hydration (6 oz / 24 Servings);instant;;24;180;39.99;0;1.6663;mushroom blend;amazon;https://www.amazon.com/dp/B0D5J5VSRR;24.05.2026;single;-
Rasa;Rasa Calm – Adaptogenic Mushroom Sleep Tonic | Vegan, Keto, Ayurveda Wellness Tonic with Ashwagandha + Reishi (8 oz / 30 Servings);ground;;30;226.8;49.99;0;1.6663;reishi;amazon;https://www.amazon.com/dp/B08L6TV1LX;24.05.2026;single;-
Rasa;Rasa Calm – Adaptogenic Mushroom Sleep Tonic | Vegan, Keto, Ayurveda Wellness Tonic with Ashwagandha + Reishi (8 oz / 30 Servings);ground;;30;226.8;44.99;10;1.4997;reishi;amazon;https://www.amazon.com/dp/B08L6TV1LX;24.05.2026;subscription;-
Ryze;RYZE SUPERFOODS Mushroom Chicory with 6 Organic Adaptogenic Mushrooms, Keto Decaf Alternative with Chicory Root for Energy, Focus, Digestion, Immunity with Lions Mane, Turkey Tail, Shiitake, 30 Serv;instant;;30;178.6;44.99;0;1.4997;mushroom blend;amazon;https://www.amazon.com/dp/B0DFRXQS9R;25.05.2026;single;-
Ryze;RYZE SUPERFOODS Mushroom Chicory with 6 Organic Adaptogenic Mushrooms, Keto Decaf Alternative with Chicory Root for Energy, Focus, Digestion, Immunity with Lions Mane, Turkey Tail, Shiitake, 30 Serv;instant;;30;178.6;42.74;5;1.4247;mushroom blend;amazon;https://www.amazon.com/dp/B0DFRXQS9R;25.05.2026;subscription;-
Ryze;RYZE SUPERFOODS Mushroom Protein Overnight Oats, Oatmeal with 6 Adaptogenic Mushrooms and 20g Grass-Fed Whey Protein & Chia Seeds, Lions Mane, Turkey Tail, Shiitake, Reishi, Healthy Breakfast. 14 Servings.;instant;;14;1071.6;59.99;0;4.285;reishi;amazon;https://www.amazon.com/dp/B0DFRPGYWW;25.05.2026;single;-
Ryze;RYZE SUPERFOODS Mushroom Protein Overnight Oats, Oatmeal with 6 Adaptogenic Mushrooms and 20g Grass-Fed Whey Protein & Chia Seeds, Lions Mane, Turkey Tail, Shiitake, Reishi, Healthy Breakfast. 14 Servings.;instant;;14;1071.6;53.99;10;3.8564;reishi;amazon;https://www.amazon.com/dp/B0DFRPGYWW;25.05.2026;subscription;-
Ryze;RYZE SUPERFOODS Mushroom Protein Overnight Oats, Oatmeal with 6 Adaptogenic Mushrooms and 20g Grass-Fed Whey Protein & Chia Seeds, Lions Mane, Turkey Tail, Shiitake, Reishi, Healthy Breakfast, 7 servings;instant;;7;535.8;32.99;0;4.7129;reishi;amazon;https://www.amazon.com/dp/B0GGMM2YM3;25.05.2026;single;-
Ryze;RYZE SUPERFOODS Mushroom Protein Overnight Oats, Oatmeal with 6 Adaptogenic Mushrooms and 20g Grass-Fed Whey Protein & Chia Seeds, Lions Mane, Turkey Tail, Shiitake, Reishi, Healthy Breakfast, 7 servings;instant;;7;535.8;32.99;0;4.7129;reishi;amazon;https://www.amazon.com/dp/B0GGMM2YM3;25.05.2026;subscription;-
Strong Coffee Company;Strong Coffee Co. Coffee Drops | Organic Ashwagandha Gummies | L-Theanine, Reishi, MCT Oil, & Neurofactor® | No Crash, No Jitters | Chantilly Cream Flavor | 16 Pack;instant;;10;1496.9;6.5;50;0.65;reishi;amazon;https://www.amazon.com/dp/B0CHK1WNMM;24.05.2026;single;-
Strong Coffee Company;Strong Coffee Co. Coffee Drops | Organic Ashwagandha Gummies | L-Theanine, Reishi, MCT Oil, & Neurofactor® | No Crash, No Jitters | Chantilly Cream Flavor | 16 Pack;instant;;10;1496.9;5.85;50;0.585;reishi;amazon;https://www.amazon.com/dp/B0CHK1WNMM;24.05.2026;subscription;-
VenturePal;Venture Pal Calm Drink Mix, 12-in-1 Cortisol Reducer and Sleep Aid with Magnesium Glycinate, Ashwagandha, L-Theanine,Vitamin D, Calm Magnesium Powder for Relax & Focus, No Sugar, Non GMO;instant;;20;453.6;17.24;25;0.862;adaptogen;amazon;https://www.amazon.com/dp/B0DGPZ3QST;25.05.2026;single;-
VenturePal;Venture Pal Calm Drink Mix, 12-in-1 Cortisol Reducer and Sleep Aid with Magnesium Glycinate, Ashwagandha, L-Theanine,Vitamin D, Calm Magnesium Powder for Relax & Focus, No Sugar, Non GMO;instant;;20;453.6;15.52;25;0.776;adaptogen;amazon;https://www.amazon.com/dp/B0DGPZ3QST;25.05.2026;subscription;-
VenturePal;60 Day Supply Magnesium Glycinate 400mg Gummies with Ashwagandha, L-Theanine, CoQ10, Vitamin D3 & B6, Sugar Free Magnesium Gummies for Adults & Kids, Stress Relief, Sleep & Calm, Vegan, Gluten Free;instant;;60;;9.99;0;0.1665;adaptogen;amazon;https://www.amazon.com/dp/B0DCFVZNRQ;25.05.2026;single;-
VenturePal;60 Day Supply Magnesium Glycinate 400mg Gummies with Ashwagandha, L-Theanine, CoQ10, Vitamin D3 & B6, Sugar Free Magnesium Gummies for Adults & Kids, Stress Relief, Sleep & Calm, Vegan, Gluten Free;instant;;60;;8.99;10;0.1498;adaptogen;amazon;https://www.amazon.com/dp/B0DCFVZNRQ;25.05.2026;subscription;-
VenturePal;60 Day Supply Magnesium Glycinate 400mg Gummies with Ashwagandha, L-Theanine, CoQ10, Vitamin D3 & B6, Sugar Free Magnesium Gummies for Adults & Kids, Stress Relief, Sleep & Calm, Vegan, Gluten Free;instant;;60;;12.99;0;0.2165;adaptogen;amazon;https://www.amazon.com/dp/B0DCFTZL8G;25.05.2026;single;-
VenturePal;60 Day Supply Magnesium Glycinate 400mg Gummies with Ashwagandha, L-Theanine, CoQ10, Vitamin D3 & B6, Sugar Free Magnesium Gummies for Adults & Kids, Stress Relief, Sleep & Calm, Vegan, Gluten Free;instant;;60;;11.69;10;0.1948;adaptogen;amazon;https://www.amazon.com/dp/B0DCFTZL8G;25.05.2026;subscription;-
VenturePal;Venture Pal Multi Collagen Powder Type I, II, III, V, X – Hydrolyzed Collagen Peptides MSM, GC, Hyaluronic Acid Vitamin C | Collagen Supplement for Women | Joint, Hair, Skin & Nail Support | Non-GMO;capsule;;41;299.9;19.99;0;0.4876;collagen;amazon;https://www.amazon.com/dp/B0DTQ1KTSM;25.05.2026;single;-
VenturePal;Venture Pal Multi Collagen Powder Type I, II, III, V, X – Hydrolyzed Collagen Peptides MSM, GC, Hyaluronic Acid Vitamin C | Collagen Supplement for Women | Joint, Hair, Skin & Nail Support | Non-GMO;capsule;;41;299.9;17.99;10;0.4388;collagen;amazon;https://www.amazon.com/dp/B0DTQ1KTSM;25.05.2026;subscription;-
VenturePal;Venture Pal 100% Pure Micronized Creatine Monohydrate Powder, Unflavored Creatine for Women & Men, Vegan, Keto, Gluten Free, 5 g (5000mg) per Serving, Creatina Monohidratada en Polvo;instant;;20;300.5;9.99;0;0.4995;;amazon;https://www.amazon.com/dp/B0FHHD5M7T;25.05.2026;single;-
VenturePal;Venture Pal 100% Pure Micronized Creatine Monohydrate Powder, Unflavored Creatine for Women & Men, Vegan, Keto, Gluten Free, 5 g (5000mg) per Serving, Creatina Monohidratada en Polvo;instant;;20;300.5;8.99;10;0.4495;;amazon;https://www.amazon.com/dp/B0FHHD5M7T;25.05.2026;subscription;-
VenturePal;5-in-1 Vitamin D3 K2 Drops - Vitamin D3 10000 IU & K2(MK-7) 200mcg with Magnesium, MCT Oil, Zinc, Sugar Free Vitamin D Liquid Supplement|Maximum Absorption for Bone, Mood & Immune - 2 FL OZ, 60 Days;capsule;;30;;16.89;0;0.563;mct;amazon;https://www.amazon.com/dp/B0DJRD5LCB;25.05.2026;single;reject
VenturePal;5-in-1 Vitamin D3 K2 Drops - Vitamin D3 10000 IU & K2(MK-7) 200mcg with Magnesium, MCT Oil, Zinc, Sugar Free Vitamin D Liquid Supplement|Maximum Absorption for Bone, Mood & Immune - 2 FL OZ, 60 Days;capsule;;30;;15.2;10;0.5067;mct;amazon;https://www.amazon.com/dp/B0DJRD5LCB;25.05.2026;subscription;reject
VenturePal;Venture Pal Calm Drink Mix, 12-in-1 Cortisol Reducer and Sleep Aid with Magnesium Glycinate, Ashwagandha, L-Theanine,Vitamin D, Calm Magnesium Powder for Relax & Focus, No Sugar, Non GMO;instant;;30;453.6;17.24;25;0.5747;adaptogen;amazon;https://www.amazon.com/dp/B0DGQ4PHXR;25.05.2026;single;-
VenturePal;Venture Pal Calm Drink Mix, 12-in-1 Cortisol Reducer and Sleep Aid with Magnesium Glycinate, Ashwagandha, L-Theanine,Vitamin D, Calm Magnesium Powder for Relax & Focus, No Sugar, Non GMO;instant;;30;453.6;15.52;25;0.5173;adaptogen;amazon;https://www.amazon.com/dp/B0DGQ4PHXR;25.05.2026;subscription;-
VenturePal;Venture Pal Calm Drink Mix, 12-in-1 Cortisol Reducer and Sleep Aid with Magnesium Glycinate, Ashwagandha, L-Theanine,Vitamin D, Calm Magnesium Powder for Relax & Focus, No Sugar, Non GMO;instant;;60;453.6;17.24;25;0.2873;adaptogen;amazon;https://www.amazon.com/dp/B0DGPZBVJF;25.05.2026;single;-
VenturePal;Venture Pal Calm Drink Mix, 12-in-1 Cortisol Reducer and Sleep Aid with Magnesium Glycinate, Ashwagandha, L-Theanine,Vitamin D, Calm Magnesium Powder for Relax & Focus, No Sugar, Non GMO;instant;;60;453.6;15.52;25;0.2587;adaptogen;amazon;https://www.amazon.com/dp/B0DGPZBVJF;25.05.2026;subscription;-
VenturePal;Venture Pal Calm Drink Mix, 12-in-1 Cortisol Reducer and Sleep Aid with Magnesium Glycinate, Ashwagandha, L-Theanine,Vitamin D, Calm Magnesium Powder for Relax & Focus, No Sugar, Non GMO;instant;;30;453.6;17.24;25;0.5747;adaptogen;amazon;https://www.amazon.com/dp/B0DGQ54Z2L;25.05.2026;single;-
VenturePal;Venture Pal Calm Drink Mix, 12-in-1 Cortisol Reducer and Sleep Aid with Magnesium Glycinate, Ashwagandha, L-Theanine,Vitamin D, Calm Magnesium Powder for Relax & Focus, No Sugar, Non GMO;instant;;30;453.6;15.52;25;0.5173;adaptogen;amazon;https://www.amazon.com/dp/B0DGQ54Z2L;25.05.2026;subscription;-
VenturePal;Venture Pal Calm Drink Mix, 12-in-1 Cortisol Reducer and Sleep Aid with Magnesium Glycinate, Ashwagandha, L-Theanine,Vitamin D, Calm Magnesium Powder for Relax & Focus, No Sugar, Non GMO;instant;;30;453.6;17.24;25;0.5747;adaptogen;amazon;https://www.amazon.com/dp/B0DGPZ59BX;25.05.2026;single;-
VenturePal;Venture Pal Calm Drink Mix, 12-in-1 Cortisol Reducer and Sleep Aid with Magnesium Glycinate, Ashwagandha, L-Theanine,Vitamin D, Calm Magnesium Powder for Relax & Focus, No Sugar, Non GMO;instant;;30;453.6;15.52;25;0.5173;adaptogen;amazon;https://www.amazon.com/dp/B0DGPZ59BX;25.05.2026;subscription;-
VenturePal;60 Day Supply Magnesium Glycinate 400mg Gummies with Ashwagandha, L-Theanine, CoQ10, Vitamin D3 & B6, Sugar Free Magnesium Gummies for Adults & Kids, Stress Relief, Sleep & Calm, Vegan, Gluten Free;instant;;60;222.3;9.99;0;0.1665;adaptogen;amazon;https://www.amazon.com/dp/B0DCGB1HRL;25.05.2026;single;-
VenturePal;60 Day Supply Magnesium Glycinate 400mg Gummies with Ashwagandha, L-Theanine, CoQ10, Vitamin D3 & B6, Sugar Free Magnesium Gummies for Adults & Kids, Stress Relief, Sleep & Calm, Vegan, Gluten Free;instant;;60;222.3;8.99;10;0.1498;adaptogen;amazon;https://www.amazon.com/dp/B0DCGB1HRL;25.05.2026;subscription;-
VenturePal;60 Day Supply Magnesium Glycinate 400mg Gummies with Ashwagandha, L-Theanine, CoQ10, Vitamin D3 & B6, Sugar Free Magnesium Gummies for Adults & Kids, Stress Relief, Sleep & Calm, Vegan, Gluten Free;instant;;56;;12.99;0;0.232;adaptogen;amazon;https://www.amazon.com/dp/B0DCGB1JRM;25.05.2026;single;-
VenturePal;60 Day Supply Magnesium Glycinate 400mg Gummies with Ashwagandha, L-Theanine, CoQ10, Vitamin D3 & B6, Sugar Free Magnesium Gummies for Adults & Kids, Stress Relief, Sleep & Calm, Vegan, Gluten Free;instant;;56;;11.69;10;0.2087;adaptogen;amazon;https://www.amazon.com/dp/B0DCGB1JRM;25.05.2026;subscription;reject
VenturePal;60 Day Supply Magnesium Glycinate 400mg Gummies with Ashwagandha, L-Theanine, CoQ10, Vitamin D3 & B6, Sugar Free Magnesium Gummies for Adults & Kids, Stress Relief, Sleep & Calm, Vegan, Gluten Free;instant;;60;;12.99;0;0.2165;adaptogen;amazon;https://www.amazon.com/dp/B0DCF88CDR;25.05.2026;single;reject
VenturePal;60 Day Supply Magnesium Glycinate 400mg Gummies with Ashwagandha, L-Theanine, CoQ10, Vitamin D3 & B6, Sugar Free Magnesium Gummies for Adults & Kids, Stress Relief, Sleep & Calm, Vegan, Gluten Free;instant;;60;;11.69;10;0.1948;adaptogen;amazon;https://www.amazon.com/dp/B0DCF88CDR;25.05.2026;subscription;reject
VenturePal;5-in-1 Vitamin D3 K2 Drops - Vitamin D3 10000 IU & K2(MK-7) 200mcg with Magnesium, MCT Oil, Zinc, Sugar Free Vitamin D Liquid Supplement|Maximum Absorption for Bone, Mood & Immune - 2 FL OZ, 60 Days;capsule;;30;;16.99;17;0.5663;mct;amazon;https://www.amazon.com/dp/B0DJRCX1JT;25.05.2026;single;reject
VenturePal;5-in-1 Vitamin D3 K2 Drops - Vitamin D3 10000 IU & K2(MK-7) 200mcg with Magnesium, MCT Oil, Zinc, Sugar Free Vitamin D Liquid Supplement|Maximum Absorption for Bone, Mood & Immune - 2 FL OZ, 60 Days;capsule;;30;;15.29;17;0.5097;mct;amazon;https://www.amazon.com/dp/B0DJRCX1JT;25.05.2026;subscription;reject
VenturePal;5-in-1 Vitamin D3 K2 Drops - Vitamin D3 10000 IU & K2(MK-7) 200mcg with Magnesium, MCT Oil, Zinc, Sugar Free Vitamin D Liquid Supplement|Maximum Absorption for Bone, Mood & Immune - 2 FL OZ, 60 Days;capsule;;90;;16.99;0;0.1888;mct;amazon;https://www.amazon.com/dp/B0DJRFJZ9G;25.05.2026;single;reject
VenturePal;5-in-1 Vitamin D3 K2 Drops - Vitamin D3 10000 IU & K2(MK-7) 200mcg with Magnesium, MCT Oil, Zinc, Sugar Free Vitamin D Liquid Supplement|Maximum Absorption for Bone, Mood & Immune - 2 FL OZ, 60 Days;capsule;;90;;15.29;10;0.1699;mct;amazon;https://www.amazon.com/dp/B0DJRFJZ9G;25.05.2026;subscription;reject
VenturePal;5-in-1 Vitamin D3 K2 Drops - Vitamin D3 10000 IU & K2(MK-7) 200mcg with Magnesium, MCT Oil, Zinc, Sugar Free Vitamin D Liquid Supplement|Maximum Absorption for Bone, Mood & Immune - 2 FL OZ, 60 Days;capsule;;30;81.6;16.99;0;0.5663;mct;amazon;https://www.amazon.com/dp/B0DJRDW23R;25.05.2026;single;reject
VenturePal;5-in-1 Vitamin D3 K2 Drops - Vitamin D3 10000 IU & K2(MK-7) 200mcg with Magnesium, MCT Oil, Zinc, Sugar Free Vitamin D Liquid Supplement|Maximum Absorption for Bone, Mood & Immune - 2 FL OZ, 60 Days;capsule;;30;81.6;15.29;10;0.5097;mct;amazon;https://www.amazon.com/dp/B0DJRDW23R;25.05.2026;subscription;reject
